Epoch,AUC
1,0.811679448671172
2,0.8890128369154385
3,0.9283605584684763
4,0.9445929305771729
5,0.9588173408284837
6,0.9653769729661397
7,0.9775864710451301
8,0.9775575366354956
9,0.9704155946874853
